Eevee AI,All-rounder.
Giygas AI,"Highly defensive, good at getting perfect parries."
Krystal AI,Mostly fights on the ground.
Dixie AI,Mostly fights in the air.
Blathers AI,Mostly uses grabs.
Lyndis AI,"Mostly uses normals (jab, tilts, dash attack, aerials)."
Tifa AI,Mostly uses smash attacks.
Alucard AI,Mostly uses specials.
Tingle AI,Mostly uses items. Very good for battering items in particular.
Chun-Li AI,"Mostly uses ""neutral"" moves (jab, neutral special, etc)."
Kraid AI,"Mostly uses ""side"" attacks (side smash, side special, etc)."
Waddle Dee AI,"Mostly uses ""up"" attacks (up smash, up tilt, etc)."
Medusa AI,"Mostly uses ""down"" attacks (down air, down tilt, etc)."
Waluigi AI,Mostly goes for spike kills off-stage. Loves to taunt.
