Random,1,NONE
3D Land,1,SUPER MARIO
75m,1,DONKEY KONG
Arena Ferox,0,FIRE EMBLEM
Balloon Fight,0,OTHER
Battlefield,0,SMASH
Big Battlefield,0,SMASH
Big Blue,0,F-ZERO
Boxing Ring,0,PUNCH OUT
Bridge of Eldin,0,ZELDA
Brinstar,0,METROID
Brinstar Depths,0,METROID
Castle Siege,0,FIRE EMBLEM
Cloud Sea of Alrest,0,XENOBLADE
Coliseum,0,FIRE EMBLEM
Corneria,0,STAR FOX
Delfino Plaza,0,SUPER MARIO
Distant Planet,0,PIKMIN
Dracula's Castle,0,CASTLEVANIA
Dream Land,0,KIRBY
Dream Land GB,1,KIRBY
Duck Hunt,0,OTHER
Figure-8 Circuit,0,MARIO KART
Find Mii,0,OTHER
Flat Zone X,1,GAME & WATCH
Fountain of Dreams,0,KIRBY
Fourside,0,MOTHER
Frigate Orpheon,0,METROID
Gamer,0,WARIO
Garden of Hope,0,PIKMIN
Garreg Mach Monastery,0,FIRE EMBLEM
Gaur Plain,0,XENOBLADE
Gerudo Valley,0,ZELDA
Golden Plains,0,SUPER MARIO
Great Bay,0,ZELDA
Great Plateau Tower,0,ZELDA
Green Greens,0,KIRBY
Green Hill Zone,0,SONIC
Halberd,0,KIRBY
Hanenbow,0,OTHER
Hollow Bastion,0,KINGDOM HEARTS
Hyrule Castle,0,ZELDA
Jungle Japes,0,DONKEY KONG
Kalos Pokemon League,0,POKEMON
King of Fighters Stadium,0,FATAL FURY
Kongo Falls,0,DONKEY KONG
Kongo Jungle,0,DONKEY KONG
Living Room,0,OTHER
Luigi's Mansion,0,SUPER MARIO
Lylat Cruise,0,STAR FOX
Magicant,0,MOTHER
Mario Bros.,1,SUPER MARIO
Mario Circuit,0,MARIO KART
Mario Galaxy,0,SUPER MARIO
Mementos,0,PERSONA
Midgar,0,FINAL FANTASY
Minecraft World (Birch),0,MINECRAFT
Minecraft World (Plains),0,MINECRAFT
Minecraft World (Random),0,MINECRAFT
Minecraft World (Savanna),0,MINECRAFT
Minecraft World (Stone),0,MINECRAFT
Minecraft World (Taiga),0,MINECRAFT
Minecraft World (Tundra),0,MINECRAFT
Mishima Dojo,0,TEKKEN
Moray Towers,0,SPLATOON
Mushroom Kingdom,0,SUPER MARIO
Mushroom Kingdom II,0,SUPER MARIO
Mushroom Kingdom U,0,SUPER MARIO
Mushroomy Kingdom,0,SUPER MARIO
Mute City SNES,0,F-ZERO
New Donk City Hall,0,SUPER MARIO
New Pork City,0,MOTHER
Norfair,0,METROID
Northern Cave,0,FINAL FANTASY
Onett,0,MOTHER
Pac-Land,0,PAC-MAN
Palutena's Temple,1,KID ICARUS
Paper Mario,0,SUPER MARIO
Peach's Castle,0,SUPER MARIO
PictoChat 2,0,OTHER
Pilotwings,0,OTHER
Pirate Ship,0,ZELDA
Pokemon Stadium,0,POKEMON
Pokemon Stadium 2,0,POKEMON
Port Town Aero Dive,0,F-ZERO
Princess Peach's Castle,0,SUPER MARIO
Prism Tower,0,POKEMON
Rainbow Cruise,0,SUPER MARIO
Reset Bomb Forest,0,KID ICARUS
Saffron City,0,POKEMON
Shadow Moses Island,0,METAL GEAR
Skyloft,0,ZELDA
Skyworld,0,KID ICARUS
Small Battlefield,0,SMASH
Smashville,0,ANIMAL CROSSING
Spear Pillar,0,POKEMON
Spiral Mountain,0,BANJO-KAZOOIE
Spirit Train,0,ZELDA
Spring Stadium,0,ARMS
Summit,0,OTHER
Super Happy Tree,0,YOSHI
Super Mario Maker,0,SUPER MARIO
Suzaku Castle,0,STREET FIGHTER
Temple,0,ZELDA
The Great Cave Offensive,1,KIRBY
Tomodachi Life,0,OTHER
Tortimer Island,0,ANIMAL CROSSING
Town and City,0,ANIMAL CROSSING
Umbra Clock Tower,0,BAYONETTA
Unova Pokemon League,0,POKEMON
Venom,0,STAR FOX
"WarioWare, Inc.",0,WARIO
Wii Fit Studio,0,WII FIT
Wily Castle,0,MEGA MAN
Windy Hill Zone,0,SONIC
Wrecking Crew,0,OTHER
Wuhu Island,0,OTHER
Yggdrasil's Altar,0,DRAGON QUEST
Yoshi's Island (Brawl),0,YOSHI
Yoshi's Island (Melee),0,YOSHI
