ANIMAL CROSSING,ARMS,BANJO-KAZOOIE,BAYONETTA,CASTLEVANIA,DONKEY KONG,DRAGON QUEST,F-ZERO,FATAL FURY,FINAL FANTASY,FIRE EMBLEM,GAME & WATCH,KID ICARUS,KINGDOM HEARTS,KIRBY,MARIO KART,MEGA MAN,METAL GEAR,METROID,MINECRAFT,MOTHER,OTHER,PAC-MAN,PERSONA,PIKMIN,POKEMON,PUNCH OUT,SMASH,SONIC,SPLATOON,STAR FOX,STREET FIGHTER,SUPER MARIO,TEKKEN,WARIO,WII FIT,XENOBLADE,YOSHI,ZELDA
Title Theme - Animal Crossing,ARMS Grand Prix Official Theme Song,Main Theme – Banjo-Kazooie,Theme Of Bayonetta - Mysterious Destiny (Instrumental),Vampire Killer (Remix),Opening - Donkey Kong,Adventure - DRAGON QUEST III,Mute City (Original),Haremar Faith Capoeira School - Song of the Fight (Believers Will Be Saved) - FATAL FURY,Opening - Bombing Mission,Fire Emblem Theme,Flat Zone,Title Theme - Kid Icarus,Night of Fate,Green Greens (Melee),Mario Circuit - Super Mario Kart,Cut Man Stage,Theme of Tara,Title Theme – Metroid,Halland / Dalarna,Pollyanna (I Believe in You),Duck Hunt Medley,PAC-MAN,Last Surprise,Main Theme - Pikmin (Remix),Main Theme - Pokémon Red & Blue (64),Minor Circuit (Remix),Lifelight (JP),Green Hill Zone,Splattack! (Remix),Main Theme - Star Fox,Ryu Stage,Ground Theme - Super Mario Bros.,"Marine Stadium, Japan","WarioWare, Inc.",Main Menu - Wii Fit,Engage the Enemy,Athletic Theme - Super Mario World,Title Theme - The Legend of Zelda
Go K.K. Rider!,Spring Stadium,Spiral Mountain,One Of A Kind,Vampire Killer,Donkey Kong Country Returns,Fighting Spirits - DRAGON QUEST III,Mute City (Melee),The Sea Knows - FATAL FURY,Let the Battles Begin!,Fire Emblem Theme (Heroic Origins),Flat Zone 2,Kid Icarus Retro Medley,Destiny's Force,Green Greens (for 3DS / Wii U),Luigi Raceway - Mario Kart 64,Guts Man Stage,Theme of Solid Snake,Brinstar (64),Earth,Humoresque of a Little Dog,Duck Hunt Medley (for 3DS / Wii U),PAC-MAN (Club Mix),Beneath the Mask,Main Theme - Pikmin (Original),Main Theme - Pokémon Red & Blue (Melee),Minor Circuit (Original),Lifelight,Scrap Brain Zone,Splattack! (Original),Corneria - Star Fox,Ken Stage,Ground Theme - Super Mario Bros. (64),"Chicago, U.S.A.","WarioWare, Inc. Medley",Super Hoop,Time to Fight! - Xenoblade Chronicles,Yoshi's Island (Brawl),Overworld Theme - The Legend of Zelda
Title Theme - Animal Crossing: Wild World,Ramen Bowl,Mumbo's Mountain,Riders Of The Light,Starker / Wicked Child,Donkey Kong Country Returns (Vocals),Battle for the Glory - DRAGON QUEST IV,Mute City (Brawl),Kurikinton - FATAL FURY 2 (Remix),Those Who Fight (AC Version),Code Name: F.E.,,Underworld,Shrouding Dark Cloud,Kirby Retro Medley,Rainbow Road - Mario Kart: Double Dash!!,Ice Man Stage,Cavern,Brinstar (Melee),Clockwork Crafter,Magicant,Balloon Fight Medley,PAC-MAN'S PARK / BLOCK TOWN,"Wake Up, Get Up, Get Out There",Forest of Hope,Main Theme - Pokémon Red & Blue (Brawl),Jogging / Countdown,Menu,Emerald Hill Zone,Ink or Sink,Space Armada,Guile Stage,Ground Theme - Super Mario Bros. (Melee),"Kyoto, Japan",Ashley's Song (JP) (Brawl),Rhythm Boxing,Gaur Plain,Yoshi's Island (for 3DS / Wii U),Overworld Theme - The Legend of Zelda (64)
Title Theme - Animal Crossing: Wild World (Brawl),Ribbon Ring,Treasure Trove Cove,Let's Hit The Climax!,Out of Time,Donkey Kong,Wagon Wheel's March,Mute City (for 3DS / Wii U),Kurikinton - FATAL FURY 2 (Original),Fight On!,Lords-A Chance Encounter,,Overworld,Hand in Hand,King Dedede's Theme (Brawl),Waluigi Pinball - Mario Kart DS,Bomb Man Stage,Encounter,Brinstar (Brawl),Toys on a Tear,Magicant (for 3DS / Wii U),Balloon Trip (Brawl),Galaga Medley,Rivers In the Desert,Stage Clear / Title Theme – Pikmin,Road to Viridian City - Pokémon Red / Pokémon Blue,World Circuit Theme,Battlefield,Sonic Boom,Seaskape,Star Fox Medley,Vega Stage,Ground Theme - Super Mario Bros. (Brawl),"Heihachi Mishima, the King of Iron Fist",Ashley's Song,Advanced Step,Gaur Plain (Night),Obstacle Course - Yoshi's Island,Overworld Theme - The Legend of Zelda (Melee)
2:00 a.m. - Animal Crossing: Wild World,Ninja College,Freezeezy Peak,Red & Black,Nothing to Lose,25m Theme,War Cry,Big Blue (Remix),Kuri Kinton Flavor - KOF XIV,Those Who Fight Further (AC Version),Story 5 Meeting,,Boss Fight 1 - Kid Icarus: Uprising,Blast Away! -Gummi Ship II-,King Dedede's Theme (for 3DS / Wii U),Mushroom Gorge - Mario Kart Wii,Fire Man Stage,"Yell ""Dead Cell""",Brinstar Depths,Dance of the Blocks,Bein' Friends,Balloon Trip (for 3DS / Wii U),Mappy Medley,Our Beginning,Environmental Noises,Pokémon Center - Pokémon Red / Pokémon Blue,Title Theme - Punch-Out!! (Wii),Final Destination,Angel Island Zone,Kraken Up,Main Theme - Star Fox 64 (64),Player Select Type A,Ground Theme (Band Performance) - Super Mario Bros.,"Kazuya Mishima, Devil Kazuya (Remix)",Ashley's Song (JP) (for 3DS / Wii U),Yoga,Xenoblade Chronicles Medley,Yoshi's Story (64),Overworld Theme - The Legend of Zelda (Brawl)
Town Hall and Tom Nook's Store - Animal Crossing: Wild World,Mausoleum,Gobi's Valley,After Burner (∞ Climax Mix),Black Night,Donkey Kong / Donkey Kong Jr. Medley,Marching through the Fields,Big Blue (Original),Pasta - FATAL FURY 2,Aerith's Theme,Shadow Dragon Medley,,Magnus's Theme,Hollow Bastion,Staff Credits - Kirby's Dream Land,Circuit - Mario Kart 7,Mega Man 2 Medley,Snake Eater,Brinstar Depths (Melee),Glide,Snowman,Clu Clu Land,Libble Rabble Retro Medley,Reach Out To The Truth,World Map - Pikmin 2,Pokémon Gym/Evolution - Pokémon Red / Pokémon Blue,,Mob Smash,Super Sonic Racing,Metalopod,Main Theme - Star Fox 64 (Melee),Ryu Stage Type A,Ground Theme / Underground Theme - Super Mario Bros.,"Kazuya Mishima, Devil Kazuya (Original)",Mike's Song (JP),Skateboard Arena (Free Mode),An Obstacle in Our Path - Xenoblade Chronicles,Yoshi's Story (Melee),Overworld & Underworld - The Legend of Zelda (for 3DS / Wii U)
The Roost - Animal Crossing: Wild World,Scrapyard,Mad Monster Mansion,Friendship,Bloody Tears / Monster Dance,The Map Page / Bonus Level (Remix),The Hero Goes Forth with a Determination,Big Blue (Melee),A New Poem That the South Thailand Wants to Tell - FATAL FURY 2,Main Theme of FINAL FANTASY VII,Coliseum Series Medley,,Dark Pit's Theme,Scherzo Di Notte,Boss Theme Medley - Kirby Series,Rainbow Road - Mario Kart 7,Metal Man Stage,Snake Eater (Instrumental),Norfair,The Arch-Illager,Onett Theme / Winters Theme,Ice Climber (Melee),Metro-Cross Retro Medley,I'll Face Myself,Stage Select - Pikmin 2,Pokémon Red / Pokémon Blue Medley,,Classic Mode: Mural,Open Your Heart,Split & Splat,Main Theme - Star Fox 64 (Brawl),Ken Stage Type A,Underground Theme - Super Mario Bros.,Emotionless Passion,Mike's Song,Mischievous Mole-way,You Will Know Our Names,Yoshi's Tale,The Legend of Zelda Medley
Plaza / Title Theme - Animal Crossing: City Folk / Animal Crossing: Wild World,Cinema Deux,Vs. Klungo,"Let's Dance, Boys!",Dwelling of Doom,The Map Page / Bonus Level (Original),Unflinchable Courage,Sand Ocean (Remix),Tarkun and Kitapy - FATAL FURY 2,JENOVA,March to Deliverance,,In the Space-Pirate Ship,Fragments of Sorrow, Ice Cream Island,Rainbow Road Medley,Air Man Stage,Battle in the Base,Escape,,Fourside,Ice Climber (Brawl),Sky Kid Retro Medley,Time To Make History,Garden of Hope (Remix),Pokémon Gold / Pokémon Silver Medley,,Classic Mode: Defeat,Live & Learn,Now or Never!,Star Wolf,E. Honda Stage Type A,Underwater Theme - Super Mario Bros.,Attract -Embu- / Character Select,Mona Pizza's Song (JP),Wii Fit Plus Medley,Mechanical Rhythm,Flower Field,Death Mountain
Outdoors at 7 p.m. (Sunny) / Main Street - Animal Crossing: New Leaf,Buster Beach,Vs. Mr. Patch,Tomorrow Is Mine (Bayonetta 2 Theme) (Instrumental),Cross Your Heart,Jungle Level (64),,Sand Ocean (Original),Let's Go to Seoul! - FATAL FURY 2,Cosmo Canyon,With Mila's Divine Protection (Celica Map 1),,Hades's Infernal Theme,Destati,Butter Building (Brawl),Mario Kart Stadium - Mario Kart 8,Quick Man Stage,MGS4 ~Theme of Love~,Ending – Metroid,,Fourside (Melee),Wrecking Crew Medley,Area 1 - Dragon Spirit,Mass Destruction,Garden of Hope (Original),Battle! (Wild Pokémon) - Pokémon Ruby / Pokémon Sapphire,,Classic Mode: Final Results,Escape from the City,Now or Never! - Splatoon,Star Wolf (Brawl),Chun-Li Stage Type A,Super Mario Bros. Medley,Hwoarang,Mona Pizza's Song,Training Menu - Wii Fit U,Xenoblade Chronicles 2 Medley,Wildlands,Temple Theme
Kapp'n's Song,Snake Park,Vs. Lord Woo Fak Fak,The Legend Of Aesir,Can't Wait Until Night,Jungle Level (Melee),,Death Wind,The London March - FATAL FURY 2,One-Winged Angel,Fight 1 - Fire Emblem Gaiden,,Wrath of the Reset Bomb,Dearly Beloved -Swing Version-,Butter Building (for 3DS / Wii U),Mario Circuit - Mario Kart 8,Crash Man Stage,Calling to the Night,Vs. Ridley,,Smiles and Tears,Wrecking Crew Medley (for 3DS / Wii U),Namco Arcade '80s Retro Medley 1,Battle Hymn of the Soul,Mission Mode - Pikmin 3,Victory Road - Pokémon Ruby / Pokémon Sapphire,,Classic Mode: Bonus Stage,Sonic Heroes,Now or Never! - Splatoon 2,Star Wolf's Theme / Sector Z (for 3DS / Wii U),Blanka Stage Type A,Super Mario Bros.: The Lost Levels Medley,Jin Kazama,Ruins - Wario Land: Shake It!,Core Luge,Argentum,Main Theme - Yoshi's New Island (Remix),Great Temple / Temple
Tour - Animal Crossing: New Leaf,DNA Lab,,Time For The Climax!,Beginning,Jungle Level (Brawl),,F-ZERO Medley,The Working Matador - FATAL FURY 2,Advent: One-Winged Angel,Lords-Showdown,,Thunder Cloud Temple,,Gourmet Race (Brawl),Cloudtop Cruise - Mario Kart 8,Flash Man Stage,Main Theme - METAL GEAR SOLID PEACE WALKER,Vs. Ridley (Brawl),,Mother 3 Love Theme,Wrecking Crew Retro Medley,Namco Arcade '80s Retro Medley 2,Aria of the Soul,The Keeper of the Lake,Battle! (Wild Pokémon) - Pokémon Diamond / Pokémon Pearl,,Master Hand,His World (Theme of Sonic the Hedgehog - 2006 E3 Version),Ink Me Up,Area 6 - Star Fox 64,Zangief Stage Type A,Ground Theme - Super Mario Bros. 2 (Remix),Heihachi Mishima,Gamer,,A Ship in a Stormy Sea,Main Theme - Yoshi's New Island,Overworld Theme - The Legend of Zelda: A Link to the Past
Tortimer Island Medley,Sky Arena,,,Mad Forest,Jungle Level Jazz Style (for 3DS / Wii U),,Silence," Duck Dub Dub (Duck, You Too) - FATAL FURY SPECIAL",,Those Who Challenge Gods,,Lightning Chariot Base,,Gourmet Race (64),Rainbow Road - Mario Kart 8,Wood Man Stage,,"Theme of Samus Aran, Space Warrior",,Unfounded Revenge / Smashing Song of Praise,Power-Up Music - Wrecking Crew,,,Flashes of Fear,Battle! (Team Galactic),,Crazy Hand,Seven Rings in Hand,Now or Never! (Splatfest Version) – Splatoon,Area 6 Ver. 2 - Star Fox 64,Guile Stage Type A,Ground Theme - Super Mario Bros. 2,Opening Movie,,,Exploration,Bandit Valley,Dark World (Brawl)
Bubblegum K.K.,Via Dolce,,,Aquarius,Jungle Level Tribal Style (for 3DS / Wii U),,Port Town,Soy Sauce for Geese - FATAL FURY SPECIAL,,Under This Banner,,Destroyed Skyworld,,Gourmet Race (Melee),Excitebike - Mario Kart 8,Hard Man Stage,,Sector 1,,You Call This a Utopia?!,Stack-Up/Gyromite,,,Over Wintry Mountains,Route 209 - Pokémon Diamond / Pokémon Pearl,,Master Hand / Crazy Hand,Knight of the Wind,Now or Never! (Splatfest Version) - Splatoon 2,Theme from Area 6 / Missile Slipstream,Dhalsim Stage Type A,Rolling Hills A,Jin Stage,,,Crossing Swords,Main Theme - Yoshi's Woolly World (Remix),Dark World (for 3DS / Wii U)
Title Theme - Animal Crossing: Happy Home Designer,Temple Grounds,,,Simon Belmont Theme,Jungle Hijinxs,,Red Canyon,Soy Sauce for Geese - KOF XIV,,Advance,,,,The Great Cave Offensive,Dragon Driftway,Top Man Stage,,Opening/Menu - Metroid Prime,,Porky's Theme,Mach Rider,,,Fragment of Hope,Battle! (Dialga/Palkia) / Spear Pillar,,The Light Realm: Prologue,Reach for the Stars,Octoweaponry,Space Battleground,Balrog Stage Type A,Boss Theme - Super Mario Bros. 2,Kitsch,,,Incoming!,Main Theme - Yoshi's Woolly World,Hidden Mountain & Forest
House Preview,Sparring Ring,,,Simon Belmont Theme (The Arcade),Swinger Flinger,,White Land (Remix),Big Shot! - FATAL FURY 3,,Fire Emblem: Mystery of the Emblem Medley,,,,Meta Knight's Revenge,Ice Ice Outpost,Snake Man Stage,,Vs. Parasite Queen,,,Famicom Medley,,,,Battle! (Champion) / Champion Cynthia,,The Light Realm: March,Rooftop Run,I Am Octavio,Break: Through the Ice,Vega Stage Type A,Ground Theme - Super Mario Bros. 3 (Melee),Bit Crusher,,,Gormott,,Tal Tal Heights
K.K. Slider's Performance,[NAME REDACTED],,,Divine Bloodlines,Ice Cave Chant,,White Land (Original),11th Street - FATAL FURY WILD AMBITION,,Meeting Theme Series Medley,,,,Vs. Marx,,Spark Man Stage,,Vs. Meta Ridley,,,The Mysterious Murasame Castle Medley,,,,Route 10 - Pokémon Black / Pokémon White,,The Light Realm: Base,Wonder World,Calamari Inkantation,Corneria - Star Fox Zero,Sagat Stage Type A,Ground Theme - Super Mario Bros. 3 (Remix),Red Hot Fist,,,Battle!! - Xenoblade Chronicles 2,,Ocarina of Time Medley
,Vs. Hedlok,,,Slash,Funky's Fugue,,White Land II,176th Street - KOF '99,,Edge of Adversity,,,,Planet Popstar,,Shadow Man Stage,,Multiplayer - Metroid Prime 2: Echoes,,,Douchuumen - The Mysterious Murasame Castle,,,,N's Castle,,The Dark Realm,Windy Hill - Zone 1,Bomb Rush Blush,Sector Ω,M. Bison Stage Type A,Super Mario Bros. 3 Medley,Moonlit Wilderness,,,Tiger! Tiger!,,Hyrule Field Theme (Remix)
,ARMS Grand Prix Final Battle,,,Dance of Illusions,Snakey Chantey,,Fire Field (Remix),Ne! - KOF '94,,Beyond Distant Skies - Roy's Departure,,,,02 Battle,,Mega Man 4 Medley,,Psycho Bits,,,Shin Onigashima Medley,,,,Battle! (Reshiram / Zekrom),,The Dark Realm: The Mysterious Space,"Lights, Camera, Action! (Studiopolis Zone Act 1)",Inkoming!,Return to Corneria - Star Fox Zero,T. Hawk Stage Type A,Fortress Boss - Super Mario Bros. 3,Poolside,,,Death Match with Torna,,Hyrule Field Theme
,,,,Iron-Blue Intention,Gang-Plank Galleon,,Fire Field (Original),DESERT REQUIEM ~Operation02UM~ - KOF 2002 UM,,Winning Road - Roy's Hope,,,,Forest Stage,,Gravity Man Stage,,Lockdown Battle Theme,,,Title Theme - 3D Hot Rally,,,,Route 23 - Pokémon Black 2 / Pokémon White 2,,The Final Battle,Fist Bump,Rip Entry,,Fei Long Stage Type A,Airship Theme - Super Mario Bros. 3,Snow Castle,,,Those Who Stand Against Our Path - Xenoblade Chronicles 2,,Saria's Theme
,,,,Dracula's Castle,King K. Rool / Ship Deck 2,,Car Select,ESAKA!! - KOF 2002 UM,,Attack - Fire Emblem,,,,Celestial Valley,,Napalm Man Stage,,The Burning Lava Fish,,,Tetris: Type A,,,,Battle! (Wild Pokémon) - Pokémon X / Pokémon Y,,The Final Battle: After the Transformation,Sunset Heights,Undertow,,Dee Jay Stage Type A,King Bowser - Super Mario Bros. 3,Into Nirvana,,,Counterattack,,Saria's Song / Middle Boss Battle
,,,,Dance of Gold,Stickerbush Symphony,,Dream Chaser,Stormy Saxophone 2 - KOF '96,, Preparing to Advance,,,,Frozen Hillside,,Dark Man Stage,,Nemesis Ridley,,,Tetris: Type B,,,,Battle! (Trainer Battle) - Pokémon X / Pokémon Y,,Galeem,,Don't Slip,,Cammy Stage Type A,Underground Theme - Super Mario Land,RESURRECTION,,,You Will Recall Our Names,,Song of Storms
,,,,Lost Painting,Crocodile Cacophony,,Devil's Call in Your Heart,KD-0079+ - KOF 2002 UM,,Victory Is Near,,,,City Trial,,Flash in the Dark (Dr. Wily Stage 1),,Main Theme - Metroid Prime: Federation Force,,,Yūyūki Medley,,,,Battle! (Team Flare),,Dharkon,,Endolphin Surge,,Player Select Type B,Title/Ending - Super Mario World,Ethno Evening,,,Driver Vs,,Gerudo Valley (Remix)
,,,,The Tragic Prince,DK Rap,,Climb Up! And Get the Last Chance!,W.W.III - KOF XIV,,Crimean Army Sortie,,,,The Legendary Air Ride Machine,,We're Robots (Dr. Wily Stage 2),,Magmoor Caverns - Metroid: Samus Returns,,,Light Plane (Remix),,,,Lumiose City,,Galeem/Dharkon,,Ebb & Flow,,Ryu Stage Type B,Ground Theme - Super Mario World,YUKI,,,Mor Ardain - Roaming the Wastes -,,Gerudo Valley
,,,,Awake,Battle for Storm Hill,,Brain Cleaner,Terry115 - KOF 2000,,Against the Dark Knight,,,,Forest/Nature Area,,Mega Man Retro Medley,,Boss Battle 4 - Metroid: Samus Returns,,,Light Plane (Original),,,,Victory Road - Pokémon X / Pokémon Y,,Main Theme Piano Solo,,Acid Hues,,Ken Stage Type B,Super Mario World Medley,Only One Fight,,,Bringer of Chaos! Ultimate,,Termina Field (Remix)
,,,,Ruined Castle Gallery,Boss 2 - DK: Jungle Climber,,Shotgun Kiss,Street Dancer - KOF XI,,Power-Hungry Fool,,,,Squeak Squad Theme,,Mega Man 2 Retro Medley,,End Results - Metroid: Samus Returns,,,Light Plane (for 3DS / Wii U),,,,Battle! (Champion) - Pokémon X / Pokémon Y,,Free the Spirit!,,Muck Warfare,,E. Honda Stage Type B,Castle / Boss Fortress - Super Mario World / SMB 3,Dist Thins Out,,,"Still, Move Forward!",,Termina Field
,,,,Lament of Innocence,Mole Patrol,,Planet Colors,New Order - KOF XIV,,Eternal Bond,,,,The Adventure Begins,,Mega Man 3 Retro Medley,,,,,Light Plane (Vocal Mix) (for 3DS / Wii U),,,,Battle! (Steven),,Spirits: Collection,,Deluge Dirge,,Chun-Li Stage Type B,Fortress Boss - Super Mario World,Karma,,,Praetor Amalthus - The Acting God -,,The Great Sea / Menu Select
,,,,Jet Black Incursion,Gear Getaway,,,Undercover - KOF 2002 UM,,The Devoted,,,,Through the Forest,,Mega Man 4-6 Retro Medley,,,,,Turbo Jet,,,,Battle! (Lorekeeper Zinnia),,Spirits: Inventory/Items,,,,Blanka Stage Type B,Main Theme - Super Mario 64 (Remix),Arisa,,,Battle!!/Torna,,Dragon Roost Island
,,,,Crash in the Dark Night,Mangrove Cove,,,Cutting Edge - KOF 2002 UM,,Time of Action,,,,Sky Tower,,Opening Stage,,,,,Pedal Glider,,,,Battle! (Wild Pokémon) - Pokémon Sun / Pokémon Moon,,Tourney: Battle List,,,,Zangief Stage Type B,Main Theme - Super Mario 64,Yodeling in Meadow Hill,,,,,Molgera
,,,,Ripped Silence,,,,The Second Joker - KOF XIII,,Prelude (Ablaze),,,,Dangerous Dinner,,X vs ZERO,,,,,Tunnel Scene – X,,,,Battle! (Trainer) - Pokémon Sun / Pokémon Moon,,Tourney: Winner Announcement,,,,Guile Stage Type B,Slide (Remix),Abyss of Time,,,,,Village of the Blue Maiden
,,,,Hail from the Past,,,,Esaka Continues... - KOF XIII,,Duty (Ablaze),,,,CROWNED,,Zero (Theme of ZERO (from Mega Man X)),,,,,Tunnel Theme – X-Scape,,,,Battle! (Island Kahuna),,Training,,,,Dhalsim Stage Type B,Slide,Plucking Tulips,,,,,Main Theme - The Legend of Zelda: Twilight Princess
,,,,Jail of Jewel,,,,Wild Street - KOF XIII,,Destiny (Ablaze),,,,Floral Fields,,Shooting Star,,,,,Lip's Theme - Panel de Pon,,,,Battle! (Gladion),,Vault,,,,Balrog Stage Type B,Delfino Plaza (Remix),Landscape Under the Ghost-Kaminano,,,,,Midna's Lament
,,,,Twilight Stigmata,,,,Tame a Bad Boy - KOF XIII,,Conquest (Ablaze),,,,Fatal Blooms in Moonlight,,,,,,,Culdcept,,,,Battle! (Elite Four) / Battle! (Solgaleo/Lunala),,Shop,,,,Vega Stage Type B,Delfino Plaza,New World Order,,,,,The Hidden Village
,,,,Jet Black Wings,,,,KDD-0063 - KOF XIII,,Id (Purpose) (Remix),,,,The World to Win,,,,,,,Revolt -Striving for Hope-,,,,The Battle at the Summit!,,Practice Fights,,,,Sagat Stage Type B,Ricco Harbor,No Easy Way Out,,,,,Full Steam Ahead
,,,,Go! Getsu Fuma,,,,Yappari ESAKA - KOF XIV,,Id (Purpose),,,,CROWNED: Ver. 2,,,,,,,Worthy Rival Battle,,,,,,Spectate,,,,M. Bison Stage Type B,Main Theme - New Super Mario Bros.,Heat Haze Shadow,,,,,Ballad of the Goddess (Remix)
,,,,,,,,Departure from South Town - KOF XIV,,Lost in Thoughts All Alone (Remix),,,,Venturing into the Mechanized World,,,,,,,Golden Forest,,,,,,Opening - Super Smash Bros. Melee,,,,T. Hawk Stage Type B,Super Mario Galaxy,Dojo (Japanese-Style Mix),,,,,Ballad of the Goddess (Original)
,,,,,,,,Theme of SYD - Alpha Mission,, Lost in Thoughts All Alone (JP),,,,Pink Ball Activate!,,,,,,,Battle Scene / Final Boss - Golden Sun,,,,,,Opening - Super Smash Bros. Melee (Brawl),,,,Fei Long Stage Type B,Egg Planet (Remix),DUOMO DI SIRIO 1st,,,,,Hyrule Main Theme
,,,,,,,,IKARI - KOF XIV,,Lost in Thoughts All Alone,,,,Kirby Battle Royale: Main Theme,,,,,,,Weyard,,,,,,Main Theme - Super Smash Bros. Brawl,,,,Dee Jay Stage Type B,Egg Planet,Moonsiders 1st,,,,,Yuga Battle (Hyrule Castle)
,,,,,,,,Forest World – Athena,,Lost in Thoughts All Alone (for 3DS / Wii U),,,,A Battle of Friends and Bonds 2,,,,,,,Proof of a Hero ~ 4Version,,,,,,How to Play - Super Smash Bros.,,,,Cammy Stage Type B,Rosalina in the Observatory / Luma's Theme,Desperate Struggle,,,,,Lorule Main Theme
,,,,,,,,Psycho Soldier Theme,,Gear Up For…,,,,,,,,,,,Roar/Rathalos,,,,,,How to Play - Super Smash Bros. Melee (Remix),,,,,Gusty Garden Galaxy,Aloneness,,,,,Main Theme - The Legend of Zelda: Tri Force Heroes
,,,,,,,,Psycho Soldier Theme (Overseas Version),,Lord of a Dead Empire,,,,,,,,,,,PictoChat,,,,,,How to Play - Super Smash Bros. Melee,,,,,Champion Road,,,,,,Woodlands - The Legend of Zelda: Tri Force Heroes
,,,,,,,,ART of FIGHT - Art of Fighting,,The Scions' Dance in Purgatory,,,,,,,,,,,Electroplankton (Remix),,,,,,Menu - Super Smash Bros.,,,,,Theme of SMG2,,,,,,Nintendo Switch Presentation 2017 Trailer BGM
,,,,,,,,Art of Fighting Ver.230000000.0 - FATAL FURY SPECIAL,,Fire Emblem: Three Houses Main Theme (JP),,,,,,,,,,,Electroplankton (Original),,,,,,Menu - Super Smash Bros. Melee,,,,,The Starship Sails,,,,,,Main Theme - The Legend of Zelda: Breath of the Wild
,,,,,,,,Tuna - SAMURAI SHODOWN,,Fire Emblem: Three Houses Main Theme,,,,,,,,,,,Bathtime Theme,,,,,,Menu - Super Smash Bros. Melee (Brawl),,,,,Sky Station,,,,,,Kass's Theme
,,,,,,,,Banquet of Nature - SAMURAI SHODOWN,,Fódlan Winds,,,,,,,,,,,Bathtime Theme (for 3DS / Wii U),,,,,,Menu 2 - Super Smash Bros. Melee,,,,,Melty Monster,,,,,,Hyrule Castle (Outside)
,,,,,,,,Gaia - SAMURAI SHODOWN,,Blue Skies and a Battle,,,,,,,,,,,Bathtime Theme (Vocal Mix) (for 3DS / Wii U),,,,,,Boss Battle - Super Smash Bros. Brawl,,,,,Bowser's Galaxy Generator,,,,,,Calamity Ganon Battle - Second Form
,,,,,,,,Main Theme from Metal Slug - METAL SLUG,,Tearing Through Heaven,,,,,,,,,,,Brain Age: Train Your Brain in Minutes a Day!,,,,,,Menu - Super Smash Bros. Brawl,,,,,Fated Battle,,,,,,
,,,,,,,,Assault Theme - METAL SLUG 1-3,,Chasing Daybreak,,,,,,,,,,,Menu - Brain Age 2: More Training in Minutes a Day!,,,,,,Menu - Super Smash Bros. for 3DS / Wii U,,,,,Ground Theme / Underwater Theme - Super Mario 3D Land,,,,,,
,,,,,,,,Final Attack - METAL SLUG 1-6,,Between Heaven and Earth,,,,,,,,,,,Title Theme - Big Brain Academy,,,,,,Fighter Selection - Super Smash Bros.,,,,,Athletic Theme - New Super Mario Bros. 2,,,,,,
,,,,,,,,Judgment - METAL SLUG 2,,Paths That Will Never Cross,,,,,,,,,,,The Valedictory Elegy,,,,,,Results Screen - Super Smash Bros. for 3DS / Wii U,,,,,Ground Theme - New Super Mario Bros. 2,,,,,,
,,,,,,,,Blue Water Fangs (The Island of Dr. Moreau) - METAL SLUG 3,,The Apex of the World,,,,,,,,,,,Personal Trainer: Cooking,,,,,,Battlefield - Super Smash Bros. Melee,,,,,Ground Theme - New Super Mario Bros. U,,,,,,
,,,,,,,,,,The Edge of Dawn (Seasons of Warfare) (JP),,,,,,,,,,,Marionation Gear,,,,,,Battlefield - Super Smash Bros. Melee (for 3DS / Wii U),,,,,Super Bell Hill,,,,,,
,,,,,,,,,,The Edge of Dawn (Seasons of Warfare),,,,,,,,,,,Wii Shop Channel (Remix),,,,,,Battlefield - Super Smash Bros. Brawl,,,,,The Great Tower Showdown 2,,,,,,
,,,,,,,,,,,,,,,,,,,,,Wii Shop Channel (Original),,,,,,Battlefield Ver. 2 - Super Smash Bros. Brawl,,,,,Title Theme - Super Mario Maker,,,,,,
,,,,,,,,,,,,,,,,,,,,,Mii Plaza,,,,,,Battlefield - Super Smash Bros. for 3DS / Wii U,,,,,Fossil Falls,,,,,,
,,,,,,,,,,,,,,,,,,,,,Mii Channel,,,,,,Final Destination - Super Smash Bros.,,,,,New Donk City,,,,,,
,,,,,,,,,,,,,,,,,,,,,Charge! - Wii Play,,,,,,Final Destination - Super Smash Bros. Melee,,,,,"Jump Up, Super Star!",,,,,,
,,,,,,,,,,,,,,,,,,,,,Title Theme - Wii Sports,,,,,,Giga Bowser,,,,,Steam Gardens,,,,,,
,,,,,,,,,,,,,,,,,,,,,Wii Sports Series Medley,,,,,,Final Destination - Super Smash Bros. Brawl,,,,,Underground Moon Caverns,,,,,,
,,,,,,,,,,,,,,,,,,,,,Title Theme - Wii Sports Resort,,,,,,Final Destination - Super Smash Bros. for 3DS / Wii U,,,,,Break Free (Lead the Way),,,,,,
,,,,,,,,,,,,,,,,,,,,,Wii Sports Resort,,,,,,Final Destination Ver. 2,,,,,Gritzy Desert,,,,,,
,,,,,,,,,,,,,,,,,,,,,Wii Sports Resort Ver. 2,,,,,,Multi-Man Smash,,,,,Tough Guy Alert!,,,,,,
,,,,,,,,,,,,,,,,,,,,,Title Theme - Wii Sports Club,,,,,,Multi-Man Melee,,,,,The Grand Finale,,,,,,
,,,,,,,,,,,,,,,,,,,,,Tennis (Training),,,,,,Multi-Man Melee 2,,,,,Paper Mario Medley,,,,,,
,,,,,,,,,,,,,,,,,,,,,Baseball (Training),,,,,,Cruel Smash,,,,,"Try, Try Again",,,,,,
,,,,,,,,,,,,,,,,,,,,,Excite Truck,,,,,,Credits - Super Smash Bros.,,,,,Time's Running Out!,,,,,,
,,,,,,,,,,,,,,,,,,,,,Attack - Soma Bringer,,,,,,Credits - Super Smash Bros. (Brawl),,,,,Mixed-Up Scramble,,,,,,
,,,,,,,,,,,,,,,,,,,,,Glory of Heracles,,,,,,Credits - Super Smash Bros. (for 3DS / Wii U),,,,,Attack and Run!,,,,,,
,,,,,,,,,,,,,,,,,,,,,PERFORMANCE,,,,,,Credits - Super Smash Bros. Brawl,,,,,Battle! - Paper Mario: Color Splash,,,,,,
,,,,,,,,,,,,,,,,,,,,,Blue Birds,,,,,,Credits - Super Smash Bros. for 3DS / Wii U,,,,,This is Minion Turf!,,,,,,
,,,,,,,,,,,,,,,,,,,,,Monkey Watch,,,,,,Bonus Game - Super Smash Bros.,,,,,Pandemonium,,,,,,
,,,,,,,,,,,,,,,,,,,,,Fruit Basket,,,,,,Meta Crystal,,,,,Title Theme - Mario Party: Island Tour,,,,,,
,,,,,,,,,,,,,,,,,,,,,Tomorrow's Passion,,,,,,Duel Zone,,,,,Rocket Road,,,,,,
,,,,,,,,,,,,,,,,,,,,,Afternoon on the Island,,,,,,Training Mode,,,,,Mario Tennis / Mario Golf,,,,,,
,,,,,,,,,,,,,,,,,,,,,Afternoon on the Island (for 3DS / Wii U),,,,,,Targets!,,,,,World Tour,,,,,,
,,,,,,,,,,,,,,,,,,,,,Swan Lesson,,,,,,Metal Battle,,,,,Stadium Theme - Mario Tennis: Ultra Smash,,,,,,
,,,,,,,,,,,,,,,,,,,,,Dragon Battle,,,,,,Trophies,,,,,Kingdom Stadium: Night,,,,,,
,,,,,,,,,,,,,,,,,,,,,Find Mii / Find Mii II Medley,,,,,,Tournament,,,,,Country Field: away team,,,,,,
,,,,,,,,,,,,,,,,,,,,,"Save the World, Heroes!",,,,,,Tournament 2,,,,,Title Theme - Mario Tennis Aces,,,,,,
,,,,,,,,,,,,,,,,,,,,,Dark Lord,,,,,,All Star Intro,,,,,Stadium Theme - Mario Tennis Aces,,,,,,
,,,,,,,,,,,,,,,,,,,,,Filled with Hope,,,,,,Target Smash!,,,,,Main Theme - Luigi's Mansion,,,,,,
,,,,,,,,,,,,,,,,,,,,,"Freakyforms: Your Creations, Alive! Medley",,,,,,Adventure Map,,,,,Main Theme - Luigi's Mansion (Brawl),,,,,,
,,,,,,,,,,,,,,,,,,,,,Boss 1 - Sakura Samurai: Art of the Sword,,,,,,Step: The Plain,,,,,Luigi's Mansion Series Medley,,,,,,
,,,,,,,,,,,,,,,,,,,,,Dillon's Rolling Western: The Last Ranger,,,,,,Step: Subspace,,,,,On the Hunt -Gloomy Manor Ver.- (Instrumental),,,,,,
,,,,,,,,,,,,,,,,,,,,,Frontier Battle,,,,,,Step: Subspace Ver. 3,,,,,Mario Bros.,,,,,,
,,,,,,,,,,,,,,,,,,,,,Style Savvy: Trendsetters,,,,,,Boss Battle Song 1,,,,,Fever,,,,,,
,,,,,,,,,,,,,,,,,,,,,Pop Fashion Show,,,,,,Boss Battle Song 2,,,,,Chill (Brawl),,,,,,
,,,,,,,,,,,,,,,,,,,,,Ring a Ding,,,,,,Home-Run Contest,,,,,Chill (for 3DS / Wii U),,,,,,
,,,,,,,,,,,,,,,,,,,,,Title Theme - Nintendo Land,,,,,,Trophy Gallery,,,,,Mario Paint Medley,,,,,,
,,,,,,,,,,,,,,,,,,,,,Nintendo Land Medley,,,,,,Sticker Album / Album / Chronicle,,,,,Plucky Pass Beginnings,,,,,,
,,,,,,,,,,,,,,,,,,,,,"ST01: Roll Out, Wonderful 100!",,,,,,Coin Launcher,,,,,The King of Pyropuff Peak,,,,,,
,,,,,,,,,,,,,,,,,,,,,Jergingha - Planet Destruction Form,,,,,,Stage Builder,,,,,Title Theme - Mario vs. Donkey Kong: Tipping Stars,,,,,,
,,,,,,,,,,,,,,,,,,,,,Final Results - Wii Party U,,,,,,Tournament Registration,,,,,Ground Theme - Super Mario series,,,,,,
,,,,,,,,,,,,,,,,,,,,,Title Theme - NES Remix 2,,,,,,Tournament Grid,,,,,,,,,,,
,,,,,,,,,,,,,,,,,,,,,Battle Start - Fossil Fighters: Frontier,,,,,,Tournament: Match End,,,,,,,,,,,
,,,,,,,,,,,,,,,,,,,,,Title Theme - Nintendo Badge Arcade,,,,,,All-Star Rest Area - Super Smash Bros. Brawl,,,,,,,,,,,
,,,,,,,,,,,,,,,,,,,,,Arcade Bunny's Theme,,,,,,Online Practice Stage - Super Smash Bros. Brawl,,,,,,,,,,,
,,,,,,,,,,,,,,,,,,,,,Welcome Center,,,,,,Classic: Result Screen,,,,,,,,,,,
,,,,,,,,,,,,,,,,,,,,,Trouble Brewing II,,,,,,Classic: Final Results,,,,,,,,,,,
,,,,,,,,,,,,,,,,,,,,,Boss Battle,,,,,,Classic: Fail,,,,,,,,,,,
,,,,,,,,,,,,,,,,,,,,,Boss: The Darkest Lord,,,,,,Master Hand - Super Smash Bros. for 3DS / Wii U,,,,,,,,,,,
,,,,,,,,,,,,,,,,,,,,,Garage,,,,,,Master Core,,,,,,,,,,,
,,,,,,,,,,,,,,,,,,,,,Noisy Notebook,,,,,,Master Fortress: First Wave,,,,,,,,,,,
,,,,,,,,,,,,,,,,,,,,,Dawn in the Desert,,,,,,Master Fortress: Second Wave,,,,,,,,,,,
,,,,,,,,,,,,,,,,,,,,,Struggle Against Chaos,,,,,,Master Orders: Ticket Selection,,,,,,,,,,,
,,,,,,,,,,,,,,,,,,,,,MEGALOVANIA,,,,,,Trophy Rush,,,,,,,,,,,
,,,,,,,,,,,,,,,,,,,,,Floral Fury,,,,,,Trophy Shop,,,,,,,,,,,
,,,,,,,,,,,,,,,,,,,,,Burning Town,,,,,,Gallery/Hoard,,,,,,,,,,,
,,,,,,,,,,,,,,,,,,,,,,,,,,,Replay/Album/Records,,,,,,,,,,,
,,,,,,,,,,,,,,,,,,,,,,,,,,,All-Star Rest Area - Super Smash Bros. for 3DS / Wii U,,,,,,,,,,,
,,,,,,,,,,,,,,,,,,,,,,,,,,,Online Practice Stage - Super Smash Bros. for 3DS / Wii U,,,,,,,,,,,
,,,,,,,,,,,,,,,,,,,,,,,,,,,StreetSmash,,,,,,,,,,,
,,,,,,,,,,,,,,,,,,,,,,,,,,,Events,,,,,,,,,,,
,,,,,,,,,,,,,,,,,,,,,,,,,,,Smash Tour: Map,,,,,,,,,,,
