Aegislash,1,Killing Edge Equipped ,Start battles with a Killing Edge. Hit when it glows for extra power.,0,0,5
Alisa,1,Explosive Perfect Shield,"Parrying an attack causes an explosion that deals 4% damage, with a hitbox 30% larger than your parry radius. If used twice on the same build, 8% damage and 50% bigger than parry stun radius. If used thrice, 12% damage and 70% bigger than parry stun radius",0,0,5
Antasma,1,Death's Scythe Equipped ,Start battles with a Death's Scythe. KO badly injured opponents in one hit!,0,0,5
Aryll,2,Critical-Health Stats Up x2,"When above 80% damage - for 25 seconds attack is boosted by 18%, defense is boosted by 38%, and move speed is boosted by 40%. Activates once per stock.",0,0,5
Ashley,2,Fast Final Smash Meter,Increases FS Meter charging speed by 30%. Applies to both passive charge rate and amount gained by taking & dealing damage.,0,0,5
Axl,1,Ray Gun Equipped ,Start battles with a Ray Gun. Fire at opponents from a distance.,0,0,5
Azura,2,Weapon Attack & Move Speed Up,"Increases the power of melee weapon attacks by 10%, and increases move speed by 10%.",0,0,5
Bahamut ZERO,2,Final Smash Up,"Boosts damage of final smashes by 50%, and boosts base knockback by 5%.",0,0,5
Balloon Fighter,1,Jump Up,Increases jump height by 40%.,0,0,5
Balrog,1,Neutral Special Up,Increases the power of neutral special moves by 10%.,0,0,5
Barrel Train,1,Dash Attack Up,"Increases dash attack power by 10%, and increases move speed by 10%.",0,0,5
Beat,1,Air Attack Up,Increases the power of items and attacks used in the air by 10%.,0,0,5
Blast-O-Matic,1,Giant Killer,Increases the damage dealt to giant opponents by 40%,0,0,5
Blaze the Cat,2,Mouthful of Curry,Start battles with Superspicy Curry breath. Continuously spit out fire.,0,0,5
Bloom Coach,1,Fire Bar Equipped ,Start battles with a Fire Bar. Bash and burn opponents while it lasts.,0,0,5
Blue Pikmin,1,Thrown Items Up,"Increases the distance of thrown items by 50% and increases the power of thrown items by 20% (e.g. Bob-omb, Beastball).",0,0,5
Bomb Man,1,Bob-Omb Equipped ,Start battles with a Bob-omb. Launch foes with its powerful blast.,0,0,5
Brewster,1,Slumber Immunity,Grants immunity to slumber floors and sleeping in general.,0,0,5
Camilla,2,Airborne Endurance,"Super armor while in the air, and defense boosted by 5% while in the air.",0,0,5
Candy Kong,1,Critical-Health Stats Up,"When above 80% damage - for 20 seconds attack is boosted by 10%, defense is boosted by 30%, and move speed is boosted by 30%. Activates once per stock.",0,0,5
Cardboard Box,1,Improved Escape,Reduces escape time from grabs and stuns by 35%. Each button pressed during mashing reduces escape time by an extra 5% (over normal mashes).,0,0,5
Celebi,4,Great Autoheal,Recovers 5% health automatically every five seconds.,0,0,0
Centurion,1,Staff Equipped ,Start battles with a Staff. Fire at faraway opponents to deal more damage.,0,0,5
Chef Kawasaki,2,Stats Up x2 after Eating,"Increases attack by 18%, defense by 38%, and move speed by 35% for 7 seconds after eating food (works for Peach & Daisy's FS, but not Fairy Bottle).",0,0,5
Cheshire,2,Poisoned Smash + Heal with Smash Attacks,"When hitting opponent with a smash attack, 30% chance of poisoning them, dealing 12% damage over time. When hitting opponent with a smash attack, 30% chance of healing self by 3% of the damage dealt (as in, if the smash attack deals 10 damage, heal 0.3 damage).",0,0,5
ChuChu,1,Super Leaf Equipped,Start battles with a Super Leaf. Press and hold the jump button to float through the air.,0,0,5
Crash Man,1,Bomber Equipped ,Start battles with a Bomber. Raise it up to cause a huge explosion.,0,0,5
Crusty Sean,1,Stats Up after Eating,"Increases attack by 10%, defense by 30%, and move speed by 20% for 5 seconds after eating food (works for Peach & Daisy's FS, but not Fairy Bottle).",0,0,5
Culdra,2,Poison Immunity,Grants immunity to poison.,0,0,5
Dark Mind,2,Franklin Badge Equipped,Start battles wearing a Franklin Badge. Reflect enemy projectiles.,0,0,5
Deep Breathing,1,Down Special Up,Increases the power of down special moves by 10%.,0,0,5
Diggernaut,1,Bury Immunity,"Grants immunity to being buried by Pitfalls, bury attacks, etc.",0,0,5
Dive Man,2,Steel Diver Equipped ,Start battles with a Steel Diver. Fire powerful shots that are hard to see.,0,0,5
Dr. Light,2,Zap-Floor Immunity,Grants immunity to zap floors and stun attacks.,0,0,5
Dr. Lobe,1,Mr. Saturn Equipped ,Start battles with a Mr. Saturn. Break enemies' shields easily.,0,0,5
Dr. Wily,2,Jam FS Charge,Slows down the charge rate of the opposition's FS Meter by 40%.,0,0,5
Dragaux,4,Weight Up x2,Weight boosted by 20%. Ground mobility -40%. Air mobility and jump height -20%.,0,0,5
Dungeon Man,1,Falling Immunity,"Grants immunity to tripping from earthquakes, Banana Peels, etc.",0,0,5
Eggplant Wizard,2,KOs Heal Damage,Recover 20 health each time an enemy is KO'd.,0,0,5
Ender Dragon,3,Mouthful of Curry Up x2,Start battles with Superspicy Curry breath. Continuously spit out a powerful fire. Lasts about 20 seconds. PLAYOFFS ONLY: You get 2 free stat points if you select this spirit.,0,2,5
Expresso,1,Trade-Off Speed Up,Start battles with 30% damage and a 40% boost to movement speed.,0,0,5
Ezlo,1,Toss & Meteor,"For attacks that have an angle more vertical than horizontal, boosts damage by 10%.",0,0,5
Fairy Bottle,1,Fairy Bottle Equipped ,Start battles with a Fairy Bottle. Heal when at least 100% damage is taken.,0,0,5
Fiora,1,Made of Metal,Start battles in metal form. Become harder to launch. Lasts for 15 seconds.,0,0,5
Fishman,1,Water/Freezing Resist Up,Reduces damage taken from water and ice attacks by 40%.,0,0,5
Flies & Hand,1,Battering Items Up,Increases the power of battering items by 10% (e.g. Home Run Bat).,0,0,5
Foreman Spike,4,Hammer Equipped,Start battles with a Hammer. Deal massive damage to nearby enemies for 7 seconds.,0,0,5
Freezie,1,Freezie Equipped ,Start battles with a Freezie. Hit opponents with it to freeze them.,0,0,5
Galaxy Man,1,Energy-Shot Resist Up,Reduces the damage taken from energy attacks by 40%.,0,0,5
Geese Howard,3,Critical Fast Final Smash Meter Up x2,"After reaching 80% damage, Final Smash meter will charge 10% per second for 25 seconds. Activates once per stock.",0,0,5
General Pepper,1,Back Shield Equipped,Start battles with a Back Shield. Guard against attacks from behind.,0,0,5
Gold Mario,4,Super Armor,Makes it more difficult to flinch or be launched.,0,0,5
Goligan,1,Weapon Attack Up,"Increases the power of swords, whips, hammers, etc. by 10%.",0,0,5
Goron,1,Fire/Explosion Resist Up,Reduces damage taken from explosion and fire attacks by 40%.,0,0,5
Great Fairy,2,Critical-Health Healing,Recover 50 health after taking 100 damage. PLAYOFFS ONLY: You get 1 free stat point if you select this spirit.,0,1,5
Great Zapfish,2,Giant,"Become giant for 8 seconds at the start of the battle, boosting attack by 56%.",0,0,5
Gruntilda,3,Poison Power Up,"When poisoned, attack will be boosted by 100% and mobility will be boosted by 50% for 5 seconds.",0,0,5
Hal Emmerich,1,Beam Sword Equipped ,Start battles with a Beam Sword. Use it to batter opponents.,0,0,5
Halberd,3,Armor Knight,"Reduces move speed by 30%, but increases defense by 80% and increases attack by 15%.",0,0,1
Happy Mask Salesman,1,Trade-Off Attacks Up,Start battles with 30% damage and 23% higher attack power.,0,0,5
Hector (FE),2,Unflinching Charged Smash Attacks,"While charging smash attacks, defense is boosted by 10% and gain super armor.",0,0,5
Hinawa,2,Critical Immunity,Become invincible for 7 seconds when above 100% damage. Activates once per stock.,0,0,5
Ho-Oh,2,Additional Midair Jump,Increases number of midair jumps by one.,0,0,5
Jelfonzo,1,Bunny Hood Equipped,Start battles with a Bunny Hood. Move faster and jump higher.,0,0,5
Judd,3,Double Final Smash,Grants a second Final Smash after using a Final Smash. You get 2 free stat points if you select this spirit.,2,2,5
Junpei,4,Home-Run Bat Equipped + Item Attack Up x2,Start battles wearing a Home-Run Bat. Deal powerful knockback with a smash attack. All item damage boosted by 80%.,0,0,5
Kalypso,1,Rocket Belt Equipped,Start battles with a Rocket Belt. Fly around until it runs out of fuel.,0,0,5
King Hippo,1,Shield Durability Up,"Boosts shield health by 40%, and speeds up shield recovery by 50%.",0,0,5
Landmaster,2,Super Scope Equipped ,"Start battles with a Super Scope. Fire multiple shots, or charge up for a stronger blast.",0,0,5
Li'l Judd,2,Chance of Double Final Smash,"After using a Final Smash, 40% chance of gaining a second Final Smash. You get 1 free stat point if you select this spirit.",1,1,5
Lip,1,Lip's Stick Equipped ,Start battles with a Lip's Stick. Hit an opponent with it to slowly drain their health.,0,0,5
Loki,2,Black Hole Equipped ,"Start battles with a Black Hole. Activate it, and it'll pull in nearby fighters. You get 1 free stat point if you select this spirit.",1,1,5
Looksley,1,Magic Resist Up,Reduces the damage taken from magic attacks by 40%.,0,0,5
Luma,1,Super Launch Star Equipped ,Start battles with a Super Launch Star. Touch it and get launched.,0,0,5
Madama Butterfly,3,Poison Heals,"When poisoned, heal a total of 4.1 damage instead of taking damage.",0,0,5
Magearna,2,Ice-Floor Immunity,Grants immunity to ice floors and freezing attacks.,0,0,5
Magkid,1,Electric Resist Up,Reduces damage taken from electricity attacks by 40%.,0,0,5
Majora's Mask,1,Trade-Off Ability Up,"Start battles with 30% damage and an 18% boost to attack, a 20% boost to defense, and a 20% boost to move speed.",0,0,5
Mario (Tennis Aces),1,Critical Hit Up,"Grants a 5% chance to land a devastating critical hit, boosting damage by 20% (so, an average boost of 1%).",0,0,5
Max Brass,3,Critical Super Giant,"At 85%, the character turns into an extra-large giant for 10 seconds. Boosts attack by 84%.",0,0,5
MC Ballyhoo & Big Top,1,Star Rod Equipped ,Start battles with a Star Rod. Swing it to launch projectiles.,0,0,5
Meloetta (Aria Forme),2,Autoheal,Recover 3 health every five seconds.,0,0,2
Mermaid,1,Water & Ice Attack Up,Increases the power of water and ice attacks by 10% (the majority of Greninja's attacks do NOT count for this).,0,0,5
Merric,1,Aura Attack Up,Increases the power of Lucario's Aura attacks by 10% (also affects Richter's Holy Water).,0,0,5
Miltank,2,Instadrop,"Grants the ability to do a quick-drop attack by tilting down while in the air. Deals 3 damage while falling, and 6 damage when hitting the ground.",0,0,5
Mimicutie,1,Foot Attack Up,Increases the power of kicks and knee strikes by 10%.,0,0,5
Mite,1,Lightweight,"Boosts move speed and jump height by 30%, but lowers weight by 10%.",0,0,5
Moley,1,Drill Equipped ,"Start battles with a Drill. Fire a single shot, but if it hits, it keeps on hitting.",0,0,5
Mythra,2,Critical Hit Up x2,"Grants a 12% chance to land a devastating critical hit, boosting damage by 30% (so, an average boost of 3.6%).",0,0,5
Nayru,1,Perfect-Shield Reflect,Reflects incoming projectiles when you perform a perfect shield. Reflected projectiles will deal 20% extra damage.,0,0,5
Ness's Father,2,Running Start,"At the start of a battle, attack is boosted by 10%, defense is boosted by 30%, and mobility is boosted by 30%. Lasts for 20 seconds.",0,0,5
Nico Fire,1,Impact Run,Deals 3-5 damage to enemies when dashing into them (depends on how long fighter was dashing before the hit).,0,0,5
Noise,1,PSI Resist Up,Reduces the damage taken from Ness's and Lucas's PSI attacks by 40%.,0,0,5
Off the Hook,3,Undamaged Attack & Speed Up + Undamaged Attack Up + Attack Up When Healthy,Attack power boosted by 27% and move speed boosted by 30% while at 0% damage. Attack power boosted by 5% when above 0% damage but below 30% damage. You get 2 free stat points if you select this spirit.,2,2,5
Pauline,2,Healing Shield,"When shielding attacks, recover 15% of damage the opponent would have dealt. You get 1 free stat point if you select this spirit.",1,1,5
Perry,1,Floaty Jumps,Lowers fall speed by 35%.,0,0,5
Phantom Thieves of Hearts,1,Item Autograb,Automatically pick up nearby items when not running.,0,0,5
Piantas,1,Banana Gun Equipped ,Start battles with a Banana Gun. Use the leftover peel after you fire.,0,0,5
Pidgey,1,Landing Lag Down x2,Reduces landing lag frames by 40%.,0,0,5
Piston Hondo,1,Fist Attack Up,Increases the power of punches and elbow strikes by 10%.,0,0,5
Pitcher & Batter,1,Beastball Equipped ,"Start battles with a Beastball. Throw it, and it will warp toward a nearby opponent.",0,0,5
Plasma Wisp,2,Hothead Equipped ,"Start battles with a Hothead. Toss it, and it'll loop around platforms to hit enemies. You get 1 free stat point if you select this spirit.",1,1,5
Plessie,1,Swimmer,Grants the ability to stay in water indefinitely.,0,0,5
Pneuma,2,Critical Healing & Metal,"After reaching 80% damage, recover 30% damage and turn metal for 15 seconds. Activates once per stock.",0,0,5
Polar Bear,2,Slow Super Armor,"Gain super armor, but ground mobility lowered by 30%, air mobility lowered by 50%, and jump height lowered by 50%.",0,0,5
Psyduck,1,PSI Attack Up,"Increases the power of Ness's and Lucas's PSI attacks by 10% (does not apply to other ""psychic"" characters).",0,0,5
Qbby,3,Ore Club Equipped ,Start battles with an Ore Club. Create a tornado with a smash attack.,0,0,5
Quick Man,1,Move Speed Up,Boosts move speed by 20%.,0,0,5
Ramblin' Evil Mushroom,1,Ramblin' Evil Mushroom Equipped ,Start battles with a Ramblin' Evil Mushroom. Spray opponents with it to reverse their controls.,0,0,5
Reaper & Reapette,1,Side Special Up,Increases the power of side special moves by 10%.,0,0,5
ROB 64,1,Shooting Items Up,Shooting items deal 10% more damage and have 20% more ammo (e.g. Super Scope).,0,0,5
Rock Mario,1,Physical Attack Up,"Increases the power of punches, kicks, and bites by 10%.",0,0,5
Roll Caskett,1,Shooting Attack Up,"Increases the power of most projectiles by 10% (includes Mario's fireballs, doesn't include Pikmin seemingly).",0,0,5
Roxas,3,Weapon Attack & Move Speed Up x2,"Boosts the power of melee weapons by 20%, and boosts mobility by 28%.",0,0,5
Sandbag,1,Critical-Health Defense Up,When above 80% damage - for 20 seconds defense is boosted by 30%. Activates once per stock.,0,0,5
Saria,1,Easier Perfect Shield,Widens the frame window for performing a perfect shield by 40%.,0,0,5
Shedinja,1,Trade-Off Defense Up,Start battles with 30% damage and 40% higher defense.,0,0,5
Shield Knight,2,Weapon Resist Up,Decreases damage taken from melee weapons like swords and whips by 40%.,0,0,5
Shine Sprite,1,Special-Move Power Up x2,Increases the power of all special moves by 8%.,0,0,5
Silver the Hedgehog,1,Mighty Throw,Increases the power of grabbing and throwing attacks by 18%.,0,0,5
Skull Kid,3,Poisoned Smash + Lifesteal,"When hitting opponent with a smash attack, 30% chance of poisoning them, dealing 12% damage over time. When hitting opponent with a melee attack, heal self by 3% of the damage dealt (as in, if the attack deals 10 damage, heal 0.3 damage).",0,0,5
Soren,1,Magic Attack Up,"Increases the power of magic attacks by 10% (Zelda, Robin, Hero, Palutena, and Rosalina & Luma have the most moves in this category).",0,0,5
Sothis,3,Critical Health Healing Up x2,Recovers 100 health when 100% damage is taken. PLAYOFFS ONLY: You get 1 free stat point if you select this spirit.,0,1,5
Standard Bike,1,Undamaged Speed Up,Move speed boosted by 50% while at 0% damage.,0,0,5
Strangelove,1,Rage Blaster Equipped ,Start battles with a Rage Blaster. Deal more damage when you have more damage.,0,0,5
Sudowoodo,1,Transformation Duration Up,Extends the amount of time transformation items like the Super Mushroom last (works for wearable items) by 50%.,0,0,5
Super Happy Tree,2,Invincibility after Eating,Become invincible for 4 seconds after eating food.,0,0,5
Super Sea Snail,1,Unira Equipped ,Start battles with a Unira. Attack it to make spikes come out.,0,0,5
Super Star,2,First-Strike Advantage,Become invincible for 5 seconds after landing the first hit of the battle.,0,0,5
Tac,1,Item Gravitation,Draws nearby items closer.,0,0,5
Tails,1,Up Special Up,Increases the power of up special moves by 10%.,0,0,5
Tatsu,1,Energy-Shot Attack Up,"Increases the power of energy attacks, such as Fox's Blaster, by 10% (also applies to things that aren't blasters, like Hadouken & Sun Salutation).",0,0,5
Tiny Kong,1,Super Easy Dodging,"While dodging, intangibility frames and dodge distance are boosted by 30%.",0,0,5
Top Man,2,Screw Attack Equipped,Start battles with a Screw Attack. Attack with your jumps.,0,0,5
Tractor Trailer,1,Braking Ability Up,"Doubles traction, halving the amount of time it takes to stop after walking or running.",0,0,5
Turtle Bridge,1,Green Shell Equipped ,Start battles with a Green Shell. Throw it and it'll slide across the stage.,0,0,5
Twintelle,1,Air Defense Up,30% defense boost while in the air.,0,0,5
Victini,1,Hyper Smash Attacks,Increases smash-attack attack power by 10% and smash-attack charge speed by 20%.,0,0,5
Viridi,1,Metal Killer,Increases the damage dealt to metal opponents by 40%.,0,0,5
Viruses,1,Poison Damage Reduced,"Poison damage reduced by 60% (so if hit by Cheshire or Skull Kid, take 4.8% damage instead of 12%).",0,0,5
Vulpix,1,Fire Flower Equipped ,Start battles with a Fire Flower. Shoot fire at opponents.,0,0,5
Weezing,1,Fire & Explosion Attack Up,"Increases the power of explosion and fire attacks by 10% (also affects ""darkness"" attacks like Mewtwo's & Ganondorf's attacks).",0,0,5
Wolfen,1,Shield Damage Up,Increases the damage dealt to enemy shields by 30%.,0,0,5
Wrys,1,Aura Resist Up,Reduces damage taken from Lucario's Aura attacks (also affects Richter's Holy Water) by 40%.,0,0,5
Xerneas,3,Charge Speed & Power Up,100% boost to passive Final Smash charge. 166% boost to Final Smash charge from dealing/taking damage. 50% boost to Final Smash damage.,0,0,5
Yakuman Player,1,Critical-Health Attack Up,When above 80% damage - for 20 seconds attack is boosted by 10%. Activates once per stock.,0,0,5
Yellow Pikmin,2,Energy Shot Attack/Resistance Up,"Deal 10% more damage with energy attacks, and take 40% lower damage from energy attacks.",0,0,5
Zapfish,1,Electric Attack Up,Increases the power of electricity attacks by 10%.,0,0,5
Zora,1,Boomerang Equipped ,Start battles with a Boomerang. Deal damage when you throw it and when it returns.,0,0,5
